n,tipo,keyword_principal,url,title,h1,cta
1,Ciudad,app de citas en Valencia,https://vrmatch.es/ciudades/valencia.html,App de citas en Valencia para conectar | V/R Match,Una app de citas en Valencia donde el Match abre conversación,https://vrmatch.es/?register=1&city=Valencia
2,Ciudad,app de citas en Alicante,https://vrmatch.es/ciudades/alicante.html,App de citas en Alicante con chat y juegos | V/R Match,Conoce gente en Alicante y rompe el hielo de otra manera,https://vrmatch.es/?register=1&city=Alicante
3,Ciudad,app de citas en Barcelona,https://vrmatch.es/ciudades/barcelona.html,App de citas en Barcelona para hacer Match | V/R Match,Haz Match en Barcelona y empieza con una conversación real,https://vrmatch.es/?register=1&city=Barcelona
4,Ciudad,app de citas en Castellón,https://vrmatch.es/ciudades/castellon.html,App de citas en Castellón para conocer gente | V/R Match,Una forma más cercana de conocer gente en Castellón,https://vrmatch.es/?register=1&city=Castellón
5,Ciudad,app de citas en Madrid,https://vrmatch.es/ciudades/madrid.html,App de citas en Madrid con conversación | V/R Match,Conocer gente en Madrid empieza con algo más que un hola,https://vrmatch.es/?register=1&city=Madrid
6,Ciudad,app de citas en Sevilla,https://vrmatch.es/ciudades/sevilla.html,App de citas en Sevilla para romper el hielo | V/R Match,Haz Match en Sevilla y deja que la conversación empiece jugando,https://vrmatch.es/?register=1&city=Sevilla
7,Guía,app de citas con juegos,https://vrmatch.es/guias/app-de-citas-con-juegos.html,App de citas con juegos para romper el hielo | V/R Match,Una app de citas con juegos para empezar hablando,https://vrmatch.es/?register=1
8,Guía,app para conocer gente,https://vrmatch.es/guias/app-para-conocer-gente.html,App para conocer gente y conversar mejor | V/R Match,Una app para conocer gente con algo de qué hablar,https://vrmatch.es/?register=1
9,Guía,app para solteros,https://vrmatch.es/guias/app-para-solteros.html,"App para solteros con Match, chat y juegos | V/R Match",Una app para solteros que convierte el Match en conversación,https://vrmatch.es/?register=1
10,Guía,app de citas diferente,https://vrmatch.es/guias/app-de-citas-diferente.html,"Una app de citas diferente: Match, chat y juego | V/R Match",Una app de citas diferente empieza después del Match,https://vrmatch.es/?register=1
11,Guía,conocer gente con intereses en común,https://vrmatch.es/guias/conocer-gente-con-intereses-en-comun.html,Conocer gente con intereses en común | V/R Match,Conoce gente con intereses en común y empieza por ahí,https://vrmatch.es/?register=1
12,Guía,chat privado después del Match,https://vrmatch.es/guias/chat-privado-despues-del-match.html,Chat privado después del Match: cómo funciona | V/R Match,Un chat privado que empieza después del Match,https://vrmatch.es/?register=1
13,Guía,Verdad o Reto en el chat,https://vrmatch.es/guias/verdad-o-reto-en-el-chat.html,Verdad o Reto en el chat para romper el hielo | V/R Match,Verdad o Reto dentro del chat de tu Match,https://vrmatch.es/?register=1
14,Guía,juego rompehielos para dos,https://vrmatch.es/guias/juego-rompehielos-para-dos.html,Juego rompehielos para dos dentro del chat | V/R Match,Un juego rompehielos para dos que deja temas para hablar,https://vrmatch.es/?register=1
15,Guía,preguntas para romper el hielo,https://vrmatch.es/guias/preguntas-para-romper-el-hielo.html,Preguntas para romper el hielo después de un Match | V/R Match,Preguntas para romper el hielo sin copiar el mismo mensaje,https://vrmatch.es/?register=1
16,Guía,preguntas para conocer a alguien,https://vrmatch.es/guias/preguntas-para-conocer-a-alguien.html,Preguntas para conocer a alguien con naturalidad | V/R Match,Preguntas para conocer a alguien sin convertirlo en una entrevista,https://vrmatch.es/?register=1
17,Guía,qué decir después de un Match,https://vrmatch.es/guias/que-decir-despues-de-un-match.html,Qué decir después de un Match: primeros mensajes | V/R Match,Qué decir después de un Match para empezar de verdad,https://vrmatch.es/?register=1
18,Guía,cómo empezar una conversación,https://vrmatch.es/guias/como-empezar-una-conversacion.html,Cómo empezar una conversación en una app de citas | V/R Match,Cómo empezar una conversación que no parezca automática,https://vrmatch.es/?register=1
19,Guía,cómo crear un buen perfil de citas,https://vrmatch.es/guias/como-crear-un-buen-perfil.html,Cómo crear un buen perfil en una app de citas | V/R Match,Cómo crear un buen perfil que facilite conversar,https://vrmatch.es/?register=1
20,Guía,cómo elegir fotos de perfil,https://vrmatch.es/guias/como-elegir-fotos-de-perfil.html,Cómo elegir fotos para un perfil de citas | V/R Match,"Cómo elegir fotos de perfil claras, actuales y auténticas",https://vrmatch.es/?register=1
21,Guía,cómo escribir una bio para citas,https://vrmatch.es/guias/como-escribir-una-bio.html,Cómo escribir una bio para una app de citas | V/R Match,Cómo escribir una bio que dé ganas de preguntar,https://vrmatch.es/?register=1
22,Guía,seguridad en apps de citas,https://vrmatch.es/guias/seguridad-en-apps-de-citas.html,Seguridad en apps de citas: guía práctica | V/R Match,"Seguridad en apps de citas antes, durante y después del Match",https://vrmatch.es/?register=1
23,Guía,privacidad en apps de citas,https://vrmatch.es/guias/privacidad-en-apps-de-citas.html,Privacidad en apps de citas: qué debes revisar | V/R Match,Privacidad en apps de citas: comparte con intención,https://vrmatch.es/?register=1
24,Guía,primera cita segura,https://vrmatch.es/guias/primera-cita-segura.html,Primera cita segura: lista antes de quedar | V/R Match,Cómo preparar una primera cita segura y sin presión,https://vrmatch.es/?register=1
25,Guía,ideas para una primera cita,https://vrmatch.es/guias/ideas-para-una-primera-cita.html,Ideas para una primera cita sencilla y cómoda | V/R Match,Ideas para una primera cita donde sea fácil conversar,https://vrmatch.es/?register=1
26,Guía,bloquear y denunciar en apps de citas,https://vrmatch.es/guias/bloquear-y-denunciar-en-apps-de-citas.html,Bloquear y denunciar en apps de citas: cuándo hacerlo | V/R Match,Bloquear y denunciar también es cuidar tu experiencia,https://vrmatch.es/?register=1
27,Guía,filtros para conocer gente,https://vrmatch.es/guias/filtros-para-conocer-gente.html,Filtros para conocer gente con más contexto | V/R Match,Filtros para conocer gente sin cerrar todas las posibilidades,https://vrmatch.es/?register=1
28,Guía,Rewind en app de citas,https://vrmatch.es/guias/rewind-en-app-de-citas.html,Rewind en una app de citas: recupera un perfil | V/R Match,Rewind: una segunda oportunidad para revisar un perfil,https://vrmatch.es/?register=1
29,Guía,Boost en app de citas,https://vrmatch.es/guias/boost-en-app-de-citas.html,Boost en una app de citas: visibilidad temporal | V/R Match,"Boost aumenta visibilidad, no sustituye un buen perfil",https://vrmatch.es/?register=1
30,Guía,compatibilidad en apps de citas,https://vrmatch.es/guias/compatibilidad-en-apps-de-citas.html,Compatibilidad en apps de citas: señales útiles | V/R Match,"Compatibilidad en apps de citas: una señal, no una promesa",https://vrmatch.es/?register=1
31,Ciudad,app de citas en Málaga,https://vrmatch.es/ciudades/malaga.html,App de citas en Málaga para conocer gente | V/R Match,Conoce gente en Málaga y rompe el hielo de otra manera,https://vrmatch.es/?register=1&city=Málaga
32,Ciudad,app de citas en Murcia,https://vrmatch.es/ciudades/murcia.html,App de citas en Murcia con chat y juegos | V/R Match,Una app de citas en Murcia pensada para conversar,https://vrmatch.es/?register=1&city=Murcia
33,Ciudad,app de citas en Zaragoza,https://vrmatch.es/ciudades/zaragoza.html,App de citas en Zaragoza para hacer Match | V/R Match,Conocer gente en Zaragoza empieza con un Match y una conversación,https://vrmatch.es/?register=1&city=Zaragoza
34,Ciudad,app de citas en Bilbao,https://vrmatch.es/ciudades/bilbao.html,App de citas en Bilbao para conocer gente | V/R Match,Haz Match en Bilbao y empieza con algo de qué hablar,https://vrmatch.es/?register=1&city=Bilbao
35,Ciudad,app de citas en Granada,https://vrmatch.es/ciudades/granada.html,App de citas en Granada para conectar | V/R Match,Conoce gente en Granada sin quedarte en el “hola”,https://vrmatch.es/?register=1&city=Granada
36,Ciudad,app de citas en Palma,https://vrmatch.es/ciudades/palma.html,App de citas en Palma de Mallorca | V/R Match,Conoce gente en Palma y deja que el Match abra conversación,https://vrmatch.es/?register=1&city=Palma
37,Ciudad,app de citas en Las Palmas de Gran Canaria,https://vrmatch.es/ciudades/las-palmas.html,App de citas en Las Palmas de Gran Canaria | V/R Match,Haz Match en Las Palmas y empieza hablando de verdad,https://vrmatch.es/?register=1&city=Las Palmas de Gran Canaria
38,Ciudad,app de citas en Vigo,https://vrmatch.es/ciudades/vigo.html,App de citas en Vigo para conocer gente | V/R Match,"Conocer gente en Vigo con Match, chat y juegos opcionales",https://vrmatch.es/?register=1&city=Vigo
39,Ciudad,app de citas en A Coruña,https://vrmatch.es/ciudades/a-coruna.html,App de citas en A Coruña para conectar | V/R Match,Conoce gente en A Coruña con más contexto que un swipe,https://vrmatch.es/?register=1&city=A Coruña
40,Ciudad,app de citas en Córdoba,https://vrmatch.es/ciudades/cordoba.html,App de citas en Córdoba para conocer gente | V/R Match,Haz Match en Córdoba y rompe el hielo jugando o hablando,https://vrmatch.es/?register=1&city=Córdoba
41,Ciudad,app de citas en Valladolid,https://vrmatch.es/ciudades/valladolid.html,App de citas en Valladolid con conversación | V/R Match,Conoce gente en Valladolid y empieza con algo más que “hola”,https://vrmatch.es/?register=1&city=Valladolid
42,Ciudad,app de citas en Gijón,https://vrmatch.es/ciudades/gijon.html,App de citas en Gijón para conocer gente | V/R Match,"Conoce gente en Gijón con Match, chat y rompehielos",https://vrmatch.es/?register=1&city=Gijón
43,Ciudad,app de citas en Torrent,https://vrmatch.es/ciudades/torrent.html,App de citas en Torrent para conocer gente | V/R Match,Conoce gente en Torrent y alrededores con V/R Match,https://vrmatch.es/?register=1&city=Torrent
44,Ciudad,app de citas en Paterna,https://vrmatch.es/ciudades/paterna.html,App de citas en Paterna para conocer gente | V/R Match,"Conoce gente en Paterna con Match, chat y juegos",https://vrmatch.es/?register=1&city=Paterna
45,Ciudad,app de citas en Sagunto,https://vrmatch.es/ciudades/sagunto.html,App de citas en Sagunto para conocer gente | V/R Match,Conoce gente en Sagunto y rompe el hielo con V/R Match,https://vrmatch.es/?register=1&city=Sagunto
46,Guía,app de citas en España,https://vrmatch.es/guias/app-de-citas-en-espana.html,"App de citas en España con Match, chat y juegos | V/R Match",Una app de citas en España pensada para romper el hielo,https://vrmatch.es/?register=1
47,Guía,conocer gente cerca de ti,https://vrmatch.es/guias/conocer-gente-cerca-de-ti.html,Conocer gente cerca de ti con más contexto | V/R Match,Conocer gente cerca de ti sin publicar tu ubicación exacta,https://vrmatch.es/?register=1
48,Guía,cómo pasar del Match a una cita,https://vrmatch.es/guias/como-pasar-del-match-a-una-cita.html,Cómo pasar del Match a una cita con naturalidad | V/R Match,Del Match a una cita: cómo avanzar sin forzar la conversación,https://vrmatch.es/?register=1
49,Guía,cómo mantener una conversación por chat,https://vrmatch.es/guias/como-mantener-una-conversacion-por-chat.html,Cómo mantener una conversación por chat después del Match | V/R Match,Cómo mantener una conversación por chat sin convertirla en una entrevista,https://vrmatch.es/?register=1
50,Guía,señales de una buena conversación,https://vrmatch.es/guias/senales-de-una-buena-conversacion.html,Señales de una buena conversación después de un Match | V/R Match,Señales de que una conversación después del Match está fluyendo,https://vrmatch.es/?register=1
